,Tweets
0,PriÃ¨re de la fin du Ramadan (AÃ¯d el-Fitr) Ã  la Grande MosquÃ©e de la Riviera Golf. 
1,"Ce lundi, jâ€™ai pris part Ã  la priÃ¨re de lâ€™AÃ¯d el-Fitr. 

Je souhaite une excellente fÃªte de Ramadan Ã  tous nos frÃ¨res et sÅ“urs musulmans, dans la paix, la solidaritÃ© et le bonheur.

Que Dieu bÃ©nisse notre beau Pays ! "
2,"A lâ€™occasion de la cÃ©lÃ©bration de lâ€™AÃ¯d El Fitr, marquant la fin du jeÃ»ne du mois de Ramadan, je souhaite une trÃ¨s bonne fÃªte Ã  toute la communautÃ© musulmane. "
3,"Je fÃ©licite les travailleuses et les travailleurs du monde paysan, de la fonction publique et du secteur privÃ© dont les efforts et lâ€™abnÃ©gation au travail ont permis Ã  notre pays de rÃ©aliser des performances Ã©conomiques et sociales remarquables au cours des 10 derniÃ¨res annÃ©es ! "
4,"Heureux de regagner Abidjan, ce vendredi, aprÃ¨s un sÃ©jour en ArabieSaoudite. "
5,": Entre 2015 et 2020, lâ€™accÃ¨s Ã  lâ€™eau potable est passÃ© de 65% Ã  82% sur lâ€™Ã©tendue du territoire national. Le PSGouv permetâ€¦"
6,": Le taux de couverture Ã©lectrique en CÃ´te dâ€™Ivoire est passÃ© de 33% en 2011, Ã  plus de 80% en 2020, grÃ¢ce aux diffÃ©rents pâ€¦"
7,": GrÃ¢ce au programme Â« Ã‰cole de la seconde chance Â», nos jeunes peuvent accÃ©der Ã  des formations qualifiantes, qui faciliteâ€¦"
8,": Entre 2011 et 2019, nous avons recrutÃ© plus de 70 000 personnels enseignants et agents dâ€™encadrement afin de renforcer lâ€™â€¦"
9,": En 2020, nous avons mis en Å“uvre la Couverture Maladie Universelle (CMU), au plan national, pour favoriser lâ€™accÃ¨s aux soâ€¦"
10,": Le bien-Ãªtre des Ivoiriens est au cÅ“ur de notre action ! Le Programme Social du Gouvernement PSGouv, apporte des solutioâ€¦"
11,"Je suis arrivÃ©, ce lundi, en ArabieSaoudite pour une visite d'amitiÃ© et de travail. 

Je remercie les autoritÃ©s saoudiennes pour leur accueil. "
12,DÃ©part pour lâ€™Arabie Saoudite. 
13,"Mes chaleureuses fÃ©licitations au PrÃ©sident  pour sa rÃ©Ã©lection Ã  la PrÃ©sidence de la RÃ©publique franÃ§aise.

Je me rÃ©jouis de poursuivre avec lui le renforcement des liens dâ€™amitiÃ© et de coopÃ©ration entre la CÃ´te dâ€™Ivoire et la France."
14,"Ma dÃ©claration Ã  lâ€™entame du ConseilDesMinistresCI de ce jeudi 21 avril 2022

 "
15,"Lors du ConseildesMinistresCI ce jeudi, jâ€™ai demandÃ© aux membres du nouveau Gvt de se mettre au travail afin de  poursuivre les rÃ©formes pour dynamiser notre Ã©conomie et accÃ©lÃ©rer la mise en Å“uvre de notre programme UneCotedIvoireSolidaire, pour le bien-Ãªtre de nos populations. "
16,: CommuniquÃ© de la PrÃ©sidence de la RÃ©publique relatif Ã  la signature du dÃ©cret portant nomination des membres du Gouvernemâ€¦
17,: CommuniquÃ© de la PrÃ©sidence de la RÃ©publique 
18,"CÃ©rÃ©monie Solennelle de Prestation de Serment du Vice-PrÃ©sident de la RÃ©publique, ce mercredi 20 avril 2022 PrestationdeSermentVP "
19,"Jâ€™adresse mes vives et chaleureuses fÃ©licitations au VP TiÃ©moko Meyliet KonÃ© qui vient de prÃªter serment devant le Conseil Constitutionnel. 
Au regard de ses qualitÃ©s personnelles et professionnelles, je nâ€™ai aucun doute quâ€™il saura relever les dÃ©fis liÃ©s Ã  cette nouvelle mission "
20,
21,"Suivez, en direct du Palais de la PrÃ©sidence de la RÃ©publique, la CÃ©rÃ©monie Solennelle de Prestation de Serment du Vice-prÃ©sident, ce mercredi 20 avril 2022

"
22,
23,"Devant le Parlement rÃ©uni en CongrÃ¨s Ã  Yamoussoukro, jâ€™ai annoncÃ© la nomination de TiÃ©moko Meyliet KonÃ© au poste de Vice-PrÃ©sident de la RÃ©publique. Jâ€™ai Ã©galement reconduit le Premier Ministre  Ã  qui jâ€™ai demandÃ© de me proposer un Gouvernement resserrÃ© cette semaine "
24,"Message sur lâ€™Ã©tat de la Nation devant le Parlement rÃ©uni en congrÃ¨s, ce mardi 19 avril 2022, Ã  la Fondation FÃ©lix HouphouÃ«t-Boigny pour la recherche de la paix, Ã  Yamoussoukro. EtatdelaNation "
25,"Le VP TiÃ©moko Meyliet KonÃ© a fait la preuve de ses qualitÃ©s personnelles et professionnelles Ã  toutes les hautes fonctions quâ€™il a occupÃ©es dans lâ€™administration publique, dans le Gouvernement ivoirien et Ã  lâ€™extÃ©rieur de la CÃ´te dâ€™Ivoire. EtatdelaNation"
26,"Jâ€™ai portÃ© mon choix sur TiÃ©moko Meyliet KonÃ© pour exercer les fonctions de Vice-prÃ©sident. Câ€™est un technocrate hors pair, un brillant Ã©conomiste, un homme compÃ©tent et travailleur. EtatdelaNation "
27,Joyeuses PÃ¢ques Ã  toute la communautÃ© chrÃ©tienne ! 
28,"ğ„ğ§ğ­ğ«ğğ­ğ¢ğğ§ ğšğ¯ğğœ , ğğ«Ã©ğ¬ğ¢ğğğ§ğ­ ğğ ğ¥ğš ğ‘Ã©ğ©ğ®ğ›ğ¥ğ¢ğªğ®ğ ğ­ğ¨ğ ğ¨ğ¥ğšğ¢ğ¬ğ, ğğ§ ğ¯ğ¢ğ¬ğ¢ğ­ğ ğğ ğ­ğ«ğšğ¯ğšğ¢ğ¥ ğğ­ ğâ€™ğšğ¦ğ¢ğ­ğ¢Ã© ğğ§ ğ‚Ã´ğ­ğ ğâ€™ğˆğ¯ğ¨ğ¢ğ«ğ, ğœğ ğ£ğğ®ğğ¢ ğŸğŸ’ ğšğ¯ğ«ğ¢ğ¥ ğŸğŸğŸğŸ "
29,"Avec mon frÃ¨re , Pdt de la RÃ©publique togolaise, nous avons dÃ©cidÃ© de mutualiser nos efforts pour prÃ©server la paix et la sÃ©curitÃ© dans notre sous-rÃ©gion, notamment au Mali, en GuinÃ©e, et au Burkina Faso. Merci cher Faure pour cette visite fructueuse Ã  Abidjan ! "
30,"Ma dÃ©claration et celle du Premier Ministre, , au ConseilDesMinistresCI de ce mercredi 13 avril 2022

 "
31,"Suite Ã  la dÃ©mission de  et du Gvt, une Ã©quipe resserrÃ©e sera mise en place pour plus dâ€™efficacitÃ© et tenir compte de la conjoncture Ã©conomique mondiale. Il est impÃ©ratif de rÃ©duire les dÃ©penses de lâ€™Etat en les rÃ©orientant vers la rÃ©silience sociale et sÃ©curitaire. "
32,"En cette journÃ©e mondiale de la santÃ©, nous rÃ©affirmons notre engagement Ã  poursuivre nos actions pour un accÃ¨s de tous nos concitoyens Ã  des soins de qualitÃ©. "
33,"Entretien avec Patrice Motsepe, PrÃ©sident de la ConfÃ©dÃ©ration Africaine de Football CAF, ce lundi 04 avril 2022 "
34,"Je me fÃ©licite de lâ€™adoption, le 30 mars dernier, en ConseilDesMinistresCI, de la Politique et de la StratÃ©gie nationale pour une cacaoculture durable basÃ©e sur lâ€™amÃ©lioration des revenus de nos producteurs, la lutte contre la dÃ©forestation et le travail des enfants."
35,"Le mois de mars a Ã©tÃ© marquÃ© par le renforcement de nos relations diplomatiques, la diversification de notre Ã©conomie ainsi que la prise de mesures pour prÃ©server le pouvoir dâ€™achat de nos concitoyens. "
36,"Excellents Ã©changes avec M. Patrice Motsepe, PrÃ©sident de _Online. C'est avec fiertÃ© que nous accueillerons en CÃ´te d'Ivoire ğŸ‡¨ğŸ‡® la 34e Ã©dition de la Coupe dâ€™Afrique des Nations de Football. Nous sommes mobilisÃ©s pour faire de la CAN2023 un grand succÃ¨s ! "
37,"Lâ€™inclusion sociale des populations dÃ©favorisÃ©es et vulnÃ©rables et la lutte contre la pauvretÃ© sont une  prioritÃ©. Nous avons dÃ©cidÃ© de pÃ©renniser les acquis des filets sociaux avec la mise en place, sur la pÃ©riode 2022-2025, dâ€™un nouveau programme "
38,"Je me fÃ©licite tout particuliÃ¨rement de lâ€™adoption, le 30 mars 2022, de la Politique et de la StratÃ©gie nationale pour une cacaoculture durable basÃ©e sur lâ€™amÃ©lioration des revenus de nos producteurs, la lutte contre la dÃ©forestation et le travail des enfants. "
39,"Ce jeudi, j'ai pris part Ã  la levÃ©e de corps de Hadja Fatoumata Fofana, mÃ¨re du Ministre Ally Coulibaly. 

Je rÃ©itÃ¨re mes condolÃ©ances les plus Ã©mues au Ministre Ally Coulibaly et Ã  sa famille.

Que son Ã¢me repose en paix! "
40,"Entretien avec _UN , SecrÃ©taire GÃ©nÃ©ral Adjoint des Nations Unies aux OpÃ©rations de Maintien de la Paix, ce jeudi 31 mars 2022, au Palais de la PrÃ©sidence de la RÃ©publique. "
41,"Avec _UN, SG Adjoint des  aux OpÃ©rations de maintien de la paix, nous avons Ã©voquÃ© le dÃ©fi sÃ©curitaire rÃ©gional ainsi que la contribution majeure de la CI ğŸ‡¨ğŸ‡® aux diffÃ©rentes opÃ©rations de maintien de la Paix de lâ€™ONU. "
42,"Entretien avec , Commissaire europÃ©enne aux Partenariats Internationaux, ce mercredi 30 mars 2022 "
43,"Je me suis entretenu aujourdâ€™hui avec , Commissaire europÃ©enne aux partenariats internationaux. 
Nous avons abordÃ© la situation en Ukraine ainsi que notre excellente collaboration pour rÃ©pondre aux enjeux de l'inclusion des jeunes et du cacao durable ğŸ‡¨ğŸ‡®ğŸ‡ªğŸ‡º "
44,"Entretien avec , PrÃ©sident du Conseil Ã‰conomique, Social et Environnemental de la RÃ©publique franÃ§aise, ce mardi 29 mars 2022, au Palais de la PrÃ©sidence de la RÃ©publique "
45,"Fructueux Ã©changes avec , Pdt du Conseil Ã‰conomique Social et Environnemental de ğŸ‡«ğŸ‡· , en visite de travail en CotedIvoire ğŸ‡¨ğŸ‡®
La coopÃ©ration entre ces deux Institutions sÅ“urs et lâ€™actualitÃ© internationale ont marquÃ© nos discussions. "
46,"Ce vendredi, j'ai prÃ©sentÃ© mes condolÃ©ances au Ministre Ally Coulibaly et Ã  sa famille suite au rappel Ã  Dieu de leur mÃ¨re, Hadja Fatoumata Fofana. 

Je partage leur peine et je leur rÃ©itÃ¨re ma solidaritÃ© en cette douloureuse circonstance.

Que son Ã¢me repose en paix ! "
47,"Garantir lâ€™accÃ¨s des populations en eau potable, une prioritÃ© pour notre pays ! "
48,"Câ€™est avec une grande tristesse que jâ€™ai appris le dÃ©cÃ¨s de mon jeune frÃ¨re, Soumeylou Boubeye Maiga, ancien Premier Ministre du Mali. 

En cette douloureuse circonstance, jâ€™adresse mes condolÃ©ances les plus Ã©mues Ã  sa famille et Ã  ses proches.

Que son Ã¢me repose en paix ! "
49,"Mes chaleureuses fÃ©licitations Ã  notre Miss, , 2e Dauphine au concours Miss Monde, pour avoir dignement reprÃ©sentÃ© notre pays et magnifiÃ©  la culture ivoirienne sur la scÃ¨ne mondiale. 

Nous sommes fiers de toi ! "
50,"â€¦et pour la reconstruction de la Case des Enfants, le premier centre d'accueil pour enfants de la Fondation. "
51,FÃ©licitations Ã   et Ã  toute lâ€™Ã©quipe de la Fondation Children of Africa pour le succÃ¨s de ce 8e DÃ®ner de Gala destinÃ© Ã  rÃ©colter des fonds pour la construction dâ€™un Centre dâ€™Accueil pour les femmes victimes de violences basÃ©es sur le genreâ€¦ 
52,"CÃ©rÃ©monie de CommÃ©moration de l'an 1 du dÃ©cÃ¨s du Premier Ministre Hamed Bakayoko, ce jeudi 10 mars 2022, Ã  la Grande MosquÃ©e de la Riviera-Golf "
53,"Moments de grande Ã©motion, ce jeudi, Ã  la Grande MosquÃ©e de la Riviera-Golf, Ã  l'occasion de la commÃ©moration du 1er anniversaire du rappel Ã  Dieu du Premier Ministre Hamed Bakayoko. 

Nous avons formulÃ© des priÃ¨res pour le repos de son Ã¢me. "
54,"En ConseilDesMinistresCI aujourdâ€™hui, nous avons pris des dÃ©cisions importantes, notamment la subvention et le plafonnement des prix de certains produits de grande consommation pour prÃ©server le pouvoir dâ€™achat de nos populations."
55,La lutte contre la chertÃ© de la vie est au cÅ“ur de notre action. ConseilDesMinistresCI 
56,"En cette JournÃ©e Internationale de la Femme, je rends hommage Ã  toutes nos mÃ¨res, nos sÅ“urs et nos filles qui Å“uvrent au dÃ©veloppement de notre beau pays ! JournÃ©eInternationaleDeLaFemme "
57,"â€¦.le 35e Sommet ordinaire de lâ€™Union Africaine Ã  AddisAbeba et le Sommet extraordinaire de la CEDEAO sur la situation politique au Mali, en GuinÃ©e et au Burkina Faso, en vue dâ€™un retour Ã  lâ€™ordre constitutionnel dans ces pays frÃ¨res."
58,â€¦..le Sommet UEUA oÃ¹ jâ€™ai insistÃ© sur la nÃ©cessitÃ© de prendre en compte les conditions de vie de nos planteurs dans la production cacaoyÃ¨re durable ;
59,"Plusieurs rencontres majeures ont ponctuÃ© ce mois de fÃ©vrier 2022, notamment une visite de travail Ã  Bruxelles Ã  lâ€™invitation des autoritÃ©s belges ; "
60,"Entretien avec Ahmed Bin Abdul Aziz KATTAN, Conseiller Ã  la Cour Royale, Emissaire du Roi dâ€™ArabieSaoudite "
61,"Riches Ã©changes ce jour avec , Ã‰missaire du Roi Salmane Ben Abdelaziz AL SOUD, d'Arabie Saoudite. 
Nous souhaitons consolider les relations fortes qui unissent nos deux pays. "
62,"CÃ©rÃ©monie de prÃ©sentation des Lettres de crÃ©ance des Ambassadeurs dÃ©signÃ©s de Djibouti, d'Iran, du Japon, du Pakistan et de Namibie en CÃ´te d'Ivoire "
63,"Mes vÅ“ux de plein succÃ¨s aux nouveaux Ambassadeurs de Djibouti, dâ€™Iran, du Japon, du Pakistan et de la Namibie en CI ! 
La CÃ´te d'Ivoire entend aller encore plus loin dans le renforcement et la diversification de notre excellente coopÃ©ration avec leurs pays. "
64,: COMMUNIQUE DE LA PRESIDENCE DE LA RÃ‰PUBLIQUE 
65,"RÃ©union du  Conseil Politique du RHDP, ce lundi 28 fÃ©vrier 2022 "
66,"Je fÃ©licite tous les membres des nouvelles instances et je les encourage Ã  aller dans les rÃ©gions, les dÃ©partements, les villes et les villages pour remobiliser nos militants et prÃ´ner les idÃ©aux de paix, de rassemblement et de dialogue du RHDP. "
67,La rÃ©organisation  du Directoire du RHDP et la crÃ©ation  dâ€™un SecrÃ©tariat ExÃ©cutif permettront de consolider nos acquis et dâ€™amÃ©liorer nos performances. 
68,: DÃ©cisions et annonces principales du ConseilDesMinistresCI de ce mercredi 23 fÃ©vrier 2022 
69,": CommuniquÃ© du Conseil National de SÃ©curitÃ© de ce jeudi 24 fÃ©vrier 2022.  
ConseilNationalDeSÃ©curitÃ© 
"
70,"RÃ©union du Conseil National de SÃ©curitÃ©, ce jeudi 24 fÃ©vrier 2022
ConseilNationalDeSÃ©curitÃ© "
71,"Lors de la rÃ©union du ConseilNationalDeSÃ©curitÃ©, jâ€™ai insistÃ© sur la nÃ©cessitÃ© de poursuivre les actions de dÃ©veloppement local ainsi que les initiatives gÃ©nÃ©ratrices de revenus initiÃ©e dans la rÃ©gion Nord de notre pays afin de lutter contre lâ€™extrÃ©misme dans cette zone. "
72,: ğ‚ğ¨ğ¦ğ¦ğ®ğ§ğ¢ğªğ®ğÌ ğğ® ğ‚ğ¨ğ§ğ¬ğğ¢ğ¥ ğğšğ­ğ¢ğ¨ğ§ğšğ¥ ğğ ğ’ğÌğœğ®ğ«ğ¢ğ­ğÌ 
73,â€¦la saisie des Ã©quipements de dragage et la sÃ©curisation du domaine fluvio-lagunaire. ConseilDesMinistresCI
74,"Face Ã  la prolifÃ©ration alarmante de travaux de remblayage non autorisÃ©s, nous avons pris des mesures fortes, notamment la suspension immÃ©diate de tous les travaux de remblayage en cours jusquâ€™Ã  la clarification fonciÃ¨re desdits remblais et leurs impacts environnementauxâ€¦"
75,Les problÃ¨mes environnementaux constituent une prÃ©occupation majeure. ConseilDesMinistresCI 
76,"â€¦ et de lâ€™IndÃ©niÃ©-Djuablin, et les autres rÃ©gions du pays et le Ghana. ConseilDesMinistresCI"
77,Lâ€™amÃ©nagement et le bitumage du tronÃ§on YakassÃ© Attobrou - BettiÃ© de 42 km permettra de rapprocher les populations de ces deux localitÃ©s et de booster les Ã©changes Ã©conomiques entre les RÃ©gions de la MÃ©â€¦ 
78,â€¦et prÃ©server la confiance des populations en notre systÃ¨me de santÃ© publique. ConseilDesMinistresCI
79,"Avec la crÃ©ation de lâ€™Agence Africaine du MÃ©dicament, nous renforcerons la rÃ©gulation des produits mÃ©dicaux afin dâ€™Ã©radiquer la prolifÃ©ration de produits pharmaceutiques de mauvaise qualitÃ© et falsifiÃ©s, "
80,"Suivez, en direct du Palais de la PrÃ©sidence de la RÃ©publique, le compte-rendu du ConseilDesMinistresCI de ce mercredi 23 fÃ©vrier 2022

 "
81,"Retour Ã  Abidjan, ce mardi 22 fÃ©vrier 2022, aprÃ¨s une mission Ã  Accra (Ghana), Addis-Abeba (Ethiopie) et Bruxelles (Belgique). "
82,"De retour Ã  Abidjan aprÃ¨s une mission Ã  Accra, AddisAbeba et Bruxelles. 
De trÃ¨s bonnes perspectives pour notre pays ! "
83,Lors de nos Ã©changes avec la Pdte du Parlement europÃ©en _President sur la future lÃ©gislation de lâ€™UE sur la cacaoculture le PR  et moi avons souhaitÃ© que la production cacaoyÃ¨re durable tienne compte de lâ€™amÃ©lioration des conditions de vie de nos producteurs. 
84,"Dans le cadre du SommetUEUA, jâ€™ai participÃ© Ã  une table ronde sur lâ€™agriculture et le dÃ©veloppement durable.
Aux cÃ´tÃ©s de mes homologues, jâ€™ai soutenu lâ€™adoption de systÃ¨mes de production durables et rÃ©silients: rotation des cultures, dÃ©veloppement de lâ€™agriculture biologique... "
85,"Entretien avec Werner Hoyer, PrÃ©sident de la Banque EuropÃ©enne d'Investissement , ce vendredi 18 fÃ©vrier 2022 Ã  Bruxelles "
86,"Excellents Ã©changes ce matin avec Werner Hoyer, PrÃ©sident de la , Ã  lâ€™image de notre coopÃ©ration.

La lutte contre le changement climatique et les questions de santÃ© ont Ã©tÃ© au centre de nos discussions. "
87,Je me rÃ©jouis de ces Ã©changes constructifs pour le renforcement de la coopÃ©ration entre nos deux pays ! 
88,"Entretien avec  Premier Ministre de Belgique, ce jeudi 17 fÃ©vrier 2022 Ã  Bruxelles "
89,"CÃ©rÃ©monie dâ€™ouverture du 6e Sommet ordinaire Union Africaine-Union EuropÃ©enne Ã  Bruxelles (Belgique), ce jeudi 17 fÃ©vrier 2022. SommetUEUA "
90,"TrÃ¨s riche Ã©change hier avec , Premier ministre de Belgique, qui nous a permis d'Ã©voquer le renforcement des liens bilatÃ©raux, les questions sÃ©curitaires dans la sous-rÃ©gion et la fabrication de vaccins anti- COVID19 en Afrique. "
91,"TrÃ¨s heureux de participer au SommetUEUA aux cÃ´tÃ©s de mes homologues africains et europÃ©ens pour un partenariat renouvelÃ© entre nos deux continents. La stratÃ©gie GlobalGateway permettra dâ€™intensifier les investissements dans divers secteurs: infrastructures, santÃ©, Ã©ducationâ€¦ "
92,"Je remercie , DG de  pour la fructueuse coopÃ©ration  que nous entretenons avec le Fonds MonÃ©taire International. Son appui au financement de projets en CÃ´tedIvoire est un levier important pour le dÃ©veloppement de notre pays. "
93,"DÃ©jeuner-dÃ©bat avec  la Chambre Belgo Luxembourgeoise Afrique CaraÃ¯bes Pacifique _acp, ce mercredi 16 fÃ©vrier 2022 Ã  Bruxelles "
94,"Merci aux membres de la Chambre de commerce belgo-luxembourgeoise _acp et Ã  son PrÃ©sident M. Bultynk pour leur volontÃ© de renforcer les liens avec la CI. Lors de notre dÃ©jeuner-dÃ©bat, jâ€™ai prÃ©sentÃ© les opportunitÃ©s dâ€™investissement dans les secteurs Ã©conomiques prioritaires. "
95,"Thank you  for our constructive discussion on many subjects of common interest, namely, cooperation and COVID19 vaccine manufacturing. I look forward to welcoming you to beautiful CotedIvoire  AfricaEU "
96,"Entretien avec Jutta URPILAINEN, Commissaire europÃ©enne aux Partenariats internationaux, ce mardi 15 fÃ©vrier 2022 "
97,"Nos Ã©changes ont portÃ© sur le renforcement de la coopÃ©ration entre notre pays et l'UnionEuropeenne, ainsi que sur les questions liÃ©es Ã  la fabrication de vaccins contre la COVID19 en Afrique, au cacaoyer durable, Ã  la paix et Ã  la sÃ©curitÃ©. "
98,"J'ai eu un entretien avec la Commissaire europÃ©enne aux Partenariats internationaux, . "
99,"Ce mardi, j'ai eu des Ã©changes fructueux avec Sa MajestÃ© Philippe de Belgique, Roi des Belges. 

La CotedIvoire et la Belgique ont des liens historiques dâ€™amitiÃ© et de coopÃ©ration multiformes que nous continuerons Ã  renforcer. "
